Rank,player_id,Player,Team,MP,PTS,AST,TRB,STL,BLK,Predicted_Share
1,gilgesh01,Shai Gilgeous-Alexander,OKC,33.6,31.8,6.6,4.5,1.4,0.8,0.8724877353382884
2,jokicni01,Nikola Jokić,DEN,34.7,28.7,10.4,12.7,1.4,0.8,0.758959157889201
3,doncilu01,Luka Dončić,LAL,35.5,32.9,8.5,7.9,1.5,0.5,0.3948838710886831
4,wembavi01,Victor Wembanyama,SAS,29.3,24.2,2.9,11.1,1.0,3.0,0.3330120582203702
5,cunnica01,Cade Cunningham,DET,34.9,24.8,10.0,5.6,1.4,0.9,0.1464013208123005
6,leonaka01,Kawhi Leonard,LAC,32.4,28.3,3.8,6.4,2.0,0.5,0.09546239501110075
7,edwaran01,Anthony Edwards,MIN,35.5,29.4,3.7,5.0,1.4,0.8,0.0644890830273781
8,brownja02,Jaylen Brown,BOS,34.1,28.4,5.2,7.1,1.0,0.4,0.04766251155412246
9,brunsja01,Jalen Brunson,NYK,34.8,26.2,6.5,3.5,0.7,0.1,0.009689076753451677
